<?xml version="1.0" encoding="UTF-8"?>
<beans:beans xmlns="http://www.springframework.org/schema/mvc"
	xmlns:xsi="http://www.w3.org/2001/XMLSchema-instance"
	xmlns:beans="http://www.springframework.org/schema/beans"
	xmlns:context="http://www.springframework.org/schema/context"
	xsi:schemaLocation="http://www.springframework.org/schema/mvc https://www.springframework.org/schema/mvc/spring-mvc.xsd
		http://www.springframework.org/schema/beans https://www.springframework.org/schema/beans/spring-beans.xsd
		http://www.springframework.org/schema/context https://www.springframework.org/schema/context/spring-context.xsd">

	<!-- DispatcherServlet Context: defines this servlet's request-processing infrastructure -->
	
	<!-- Enables the Spring MVC @Controller programming model -->
	<annotation-driven />

	<!-- Handles HTTP GET requests for /resources/** by efficiently serving up static resources in the ${webappRoot}/resources directory -->
	<resources mapping="/resources/**" location="/resources/" />
	
	<resources mapping="/img/**" location="D:/SPRING/springSTS2020/Workspace/.metadata/.plugins/org.eclipse.wst.server.core/tmp0/wtpwebapps/20200806EazyandClean/image" />
	
	
	<!-- Resolves views selected for rendering by @Controllers to .jsp resources in the /WEB-INF/views directory -->
	<beans:bean class="org.springframework.web.servlet.view.InternalResourceViewResolver">
		<beans:property name="prefix" value="/WEB-INF/views/" />
		<beans:property name="suffix" value=".jsp" />
	</beans:bean>
	
	<context:component-scan base-package="com.easy.main" />
	<beans:bean name="dataSource" class="org.springframework.jdbc.datasource.DriverManagerDataSource">
		<beans:property name = "driverClassName" value = "oracle.jdbc.driver.OracleDriver"/>
		<beans:property name = "url" value = "jdbc:oracle:thin:@localhost:1521:xe"/>
		<beans:property name = "username" value="scott"/>
		<beans:property name = "password" value="tiger"/>
	</beans:bean>
	
	<beans:bean name = "template" class="org.springframework.jdbc.core.JdbcTemplate">
		<beans:property name = "dataSource" ref = "dataSource"/>
	</beans:bean>

<!-- 	
 	<beans:bean id="multipartResolver" class="org.springframework.web.multipart.commons.CommonsMultipartResolver">
  		 <beans:property name="maxUploadSize" value="200000000" />
  		 <beans:property name="maxInMemorySize" value="200000000" />
	</beans:bean> -->
	 
</beans:beans>
